targe,residueName,residueId,allAtomRMSD,rmsdResCa,rmsdResBackbone,allAtomRMSDMin
target_gzt,MET,1,1.441,1.373,1.319,1.441
target_gzt,GLY,2,1.140,1.144,1.140,1.140
target_gzt,VAL,3,1.127,1.114,1.117,1.127
target_gzt,ILE,4,1.236,1.193,1.163,1.236
target_gzt,PHE,5,1.808,1.081,1.056,1.094
target_gzt,TYR,6,0.915,0.954,0.963,0.915
target_gzt,LEU,7,1.036,1.007,0.999,1.036
target_gzt,THR,8,1.037,1.028,0.994,1.037
target_gzt,ILE,9,0.864,0.882,0.868,0.864
target_gzt,ALA,10,0.820,0.812,0.819,0.820
target_gzt,LEU,11,0.936,0.896,0.877,0.936
target_gzt,THR,12,0.871,0.874,0.842,0.871
target_gzt,ALA,13,0.707,0.714,0.712,0.707
target_gzt,MET,14,0.731,0.704,0.708,0.731
target_gzt,LEU,15,0.796,0.760,0.734,0.796
target_gzt,ALA,16,0.649,0.669,0.646,0.649
target_gzt,THR,17,0.555,0.548,0.562,0.555
target_gzt,LEU,18,0.625,0.568,0.568,0.625
target_gzt,SER,19,0.577,0.596,0.550,0.577
target_gzt,GLN,20,0.440,0.422,0.415,0.440
target_gzt,ALA,21,0.256,0.256,0.257,0.256
target_gzt,GLN,22,0.203,0.194,0.206,0.203
target_gzt,ARG,23,0.211,0.175,0.157,0.211
target_gzt,ALA,24,0.116,0.118,0.110,0.116
target_gzt,GLN,25,0.044,0.035,0.041,0.044
target_gzt,ALA,26,0.027,0.029,0.023,0.027
target_gzt,PRO,27,0.017,0.010,0.019,0.017
target_gzt,LEU,28,0.045,0.038,0.036,0.045
target_gzt,ASP,29,0.035,0.034,0.034,0.035
target_gzt,THR,30,0.027,0.028,0.030,0.027
target_gzt,THR,31,0.040,0.038,0.038,0.040
target_gzt,GLY,32,0.038,0.038,0.038,0.038
target_gzt,LYS,33,0.040,0.038,0.036,0.040
target_gzt,GLU,34,0.061,0.031,0.030,0.061
target_gzt,PHE,35,0.028,0.024,0.024,0.028
target_gzt,VAL,36,0.019,0.020,0.019,0.019
target_gzt,PHE,37,0.024,0.014,0.015,0.024
target_gzt,ALA,38,0.015,0.015,0.014,0.015
target_gzt,PHE,39,0.018,0.010,0.008,0.018
target_gzt,GLN,40,0.010,0.005,0.007,0.010
target_gzt,SER,41,0.026,0.022,0.021,0.026
target_gzt,ASN,42,0.029,0.026,0.030,0.029
target_gzt,PHE,43,0.098,0.074,0.086,0.098
target_gzt,GLN,44,0.069,0.068,0.083,0.069
target_gzt,ASN,45,0.116,0.097,0.083,0.116
target_gzt,LYS,46,0.132,0.087,0.074,0.132
target_gzt,ARG,47,0.049,0.035,0.045,0.049
target_gzt,PRO,48,0.041,0.046,0.038,0.041
target_gzt,ASP,49,0.040,0.037,0.038,0.040
target_gzt,LYS,50,0.031,0.032,0.030,0.031
target_gzt,LEU,51,0.024,0.025,0.025,0.024
target_gzt,SER,52,0.027,0.029,0.027,0.027
target_gzt,LEU,53,0.028,0.028,0.030,0.028
target_gzt,LEU,54,0.033,0.033,0.032,0.033
target_gzt,ILE,55,0.040,0.038,0.040,0.040
target_gzt,GLY,56,0.042,0.043,0.042,0.042
target_gzt,ALA,57,0.055,0.055,0.055,0.055
target_gzt,ASN,58,0.056,0.054,0.053,0.056
target_gzt,GLU,59,0.058,0.059,0.060,0.058
target_gzt,PRO,60,0.066,0.064,0.066,0.066
target_gzt,GLY,61,0.064,0.066,0.064,0.064
target_gzt,LEU,62,0.060,0.061,0.057,0.060
target_gzt,THR,63,0.052,0.052,0.052,0.052
target_gzt,ARG,64,1.537,0.047,0.045,1.537
target_gzt,VAL,65,0.043,0.043,0.043,0.043
target_gzt,GLN,66,0.041,0.041,0.038,0.041
target_gzt,ILE,67,0.036,0.036,0.036,0.036
target_gzt,GLU,68,0.129,0.041,0.035,0.129
target_gzt,ALA,69,0.032,0.030,0.032,0.032
target_gzt,PRO,70,0.025,0.026,0.026,0.025
target_gzt,ASN,71,0.024,0.024,0.026,0.024
target_gzt,PHE,72,0.033,0.035,0.037,0.033
target_gzt,ASN,73,0.041,0.039,0.040,0.041
target_gzt,TRP,74,0.044,0.044,0.042,0.044
target_gzt,GLN,75,0.044,0.045,0.046,0.044
target_gzt,GLN,76,0.044,0.046,0.046,0.044
target_gzt,THR,77,0.053,0.051,0.051,0.053
target_gzt,VAL,78,0.044,0.045,0.048,0.044
target_gzt,GLN,79,0.055,0.052,0.051,0.055
target_gzt,LEU,80,0.049,0.052,0.053,0.049
target_gzt,GLN,81,0.061,0.059,0.059,0.061
target_gzt,HIS,82,0.455,0.061,0.062,0.455
target_gzt,LYS,83,0.060,0.058,0.058,0.060
target_gzt,GLN,84,0.057,0.058,0.056,0.057
target_gzt,VAL,85,0.055,0.053,0.056,0.055
target_gzt,ARG,86,0.049,0.045,0.042,0.049
target_gzt,ASN,87,0.034,0.035,0.037,0.034
target_gzt,VAL,88,0.035,0.036,0.034,0.035
target_gzt,ASP,89,0.037,0.035,0.034,0.037
target_gzt,ILE,90,0.028,0.028,0.028,0.028
target_gzt,ASN,91,0.030,0.029,0.028,0.030
target_gzt,PRO,92,0.030,0.029,0.028,0.030
target_gzt,ASP,93,0.032,0.030,0.028,0.032
target_gzt,VAL,94,0.019,0.019,0.017,0.019
target_gzt,ALA,95,0.016,0.016,0.015,0.016
target_gzt,ALA,96,0.007,0.007,0.007,0.007
target_gzt,ARG,97,0.047,0.020,0.019,0.047
target_gzt,GLY,98,0.020,0.022,0.020,0.020
target_gzt,ALA,99,0.019,0.018,0.019,0.019
target_gzt,GLY,100,0.018,0.022,0.018,0.018
target_gzt,PRO,101,0.015,0.011,0.013,0.015
target_gzt,VAL,102,0.009,0.007,0.007,0.009
target_gzt,ASN,103,0.014,0.010,0.010,0.014
target_gzt,GLY,104,0.013,0.012,0.013,0.013
target_gzt,THR,105,0.016,0.016,0.015,0.016
target_gzt,LEU,106,0.021,0.021,0.021,0.021
target_gzt,ILE,107,0.025,0.024,0.025,0.025
target_gzt,VAL,108,0.030,0.030,0.029,0.030
target_gzt,ARG,109,0.033,0.034,0.035,0.033
target_gzt,ALA,110,0.041,0.041,0.040,0.041
target_gzt,THR,111,0.049,0.048,0.048,0.049
target_gzt,LYS,112,0.052,0.049,0.047,0.052
target_gzt,ASP,113,0.043,0.041,0.043,0.043
target_gzt,VAL,114,0.041,0.042,0.040,0.041
target_gzt,SER,115,0.035,0.033,0.033,0.035
target_gzt,ILE,116,0.030,0.031,0.030,0.030
target_gzt,SER,117,0.025,0.025,0.024,0.025
target_gzt,GLY,118,0.022,0.024,0.022,0.022
target_gzt,LEU,119,0.025,0.024,0.024,0.025
target_gzt,ASN,120,0.022,0.021,0.021,0.022
target_gzt,SER,121,0.020,0.019,0.021,0.020
target_gzt,LEU,122,0.027,0.025,0.023,0.027
target_gzt,THR,123,0.027,0.024,0.025,0.027
target_gzt,MET,124,0.041,0.024,0.019,0.041
target_gzt,THR,125,0.020,0.018,0.019,0.020
target_gzt,ASN,126,0.025,0.012,0.012,0.025
target_gzt,ASP,127,0.018,0.016,0.019,0.018
target_gzt,ALA,128,0.016,0.016,0.015,0.016
target_gzt,PHE,129,0.022,0.018,0.021,0.022
target_gzt,LEU,130,0.027,0.025,0.024,0.027
target_gzt,ALA,131,0.032,0.030,0.032,0.032
target_gzt,ILE,132,0.026,0.027,0.026,0.026
target_gzt,PRO,133,0.033,0.031,0.030,0.033
target_gzt,THR,134,0.029,0.028,0.030,0.029
target_gzt,HIS,135,0.035,0.035,0.035,0.035
target_gzt,GLY,136,0.032,0.034,0.032,0.032
target_gzt,LEU,137,0.025,0.025,0.027,0.025
target_gzt,GLY,138,0.022,0.023,0.022,0.022
target_gzt,GLN,139,0.042,0.024,0.024,0.042
target_gzt,GLU,140,0.023,0.023,0.024,0.023
target_gzt,TYR,141,0.026,0.026,0.027,0.026
target_gzt,TYR,142,0.023,0.021,0.022,0.023
target_gzt,VAL,143,0.019,0.019,0.022,0.019
target_gzt,ALA,144,0.019,0.019,0.019,0.019
target_gzt,SER,145,0.924,0.016,0.021,0.924
target_gzt,TYR,146,0.027,0.013,0.015,0.027
target_gzt,ASP,147,0.020,0.012,0.016,0.020
target_gzt,PRO,148,0.035,0.030,0.034,0.035
target_gzt,VAL,149,0.045,0.047,0.043,0.045
target_gzt,PRO,150,0.055,0.054,0.052,0.055
target_gzt,ILE,151,0.068,0.063,0.057,0.068
target_gzt,GLU,152,0.042,0.040,0.044,0.042
target_gzt,MET,153,0.029,0.025,0.023,0.029
target_gzt,SER,154,0.025,0.023,0.025,0.025
target_gzt,GLN,155,0.016,0.012,0.013,0.016
target_gzt,PHE,156,0.022,0.013,0.013,0.022
target_gzt,LEU,157,0.013,0.012,0.015,0.013
target_gzt,ILE,158,0.018,0.014,0.014,0.018
target_gzt,THR,159,0.018,0.017,0.019,0.018
target_gzt,GLY,160,0.020,0.021,0.020,0.020
target_gzt,ILE,161,0.022,0.021,0.023,0.022
target_gzt,GLN,162,0.030,0.027,0.025,0.030
target_gzt,PRO,163,0.031,0.029,0.030,0.031
target_gzt,ASP,164,0.034,0.031,0.032,0.034
target_gzt,THR,165,0.029,0.030,0.030,0.029
target_gzt,SER,166,0.031,0.030,0.030,0.031
target_gzt,VAL,167,0.028,0.029,0.030,0.028
target_gzt,LYS,168,0.036,0.031,0.030,0.036
target_gzt,ILE,169,0.029,0.030,0.032,0.029
target_gzt,VAL,170,0.035,0.035,0.033,0.035
target_gzt,LEU,171,0.032,0.032,0.034,0.032
target_gzt,GLN,172,0.035,0.036,0.035,0.035
target_gzt,ALA,173,0.033,0.031,0.033,0.033
target_gzt,ARG,174,0.042,0.041,0.038,0.042
target_gzt,LEU,175,0.032,0.031,0.039,0.032
target_gzt,GLN,176,0.051,0.045,0.042,0.051
target_gzt,HIS,177,0.041,0.041,0.045,0.041
target_gzt,ASN,178,0.049,0.049,0.051,0.049
target_gzt,SER,179,0.058,0.057,0.058,0.058
target_gzt,GLN,180,0.064,0.061,0.059,0.064
target_gzt,TRP,181,0.054,0.054,0.055,0.054
target_gzt,TYR,182,0.053,0.054,0.052,0.053
target_gzt,SER,183,0.050,0.048,0.047,0.050
target_gzt,LYS,184,0.039,0.040,0.042,0.039
target_gzt,GLY,185,0.043,0.043,0.043,0.043
target_gzt,GLN,186,0.047,0.044,0.042,0.047
target_gzt,THR,187,0.040,0.039,0.039,0.040
target_gzt,LEU,188,0.030,0.029,0.029,0.030
target_gzt,THR,189,0.033,0.031,0.031,0.033
target_gzt,VAL,190,0.025,0.025,0.024,0.025
target_gzt,ASN,191,0.031,0.027,0.026,0.031
target_gzt,VAL,192,0.024,0.024,0.025,0.024
target_gzt,GLY,193,0.025,0.026,0.025,0.025
target_gzt,LYS,194,0.030,0.026,0.026,0.030
target_gzt,TYR,195,0.022,0.021,0.021,0.022
target_gzt,GLN,196,0.019,0.016,0.017,0.019
target_gzt,SER,197,0.015,0.015,0.016,0.015
target_gzt,ILE,198,0.018,0.016,0.015,0.018
target_gzt,GLN,199,0.015,0.014,0.018,0.015
target_gzt,PHE,200,0.024,0.022,0.020,0.024
target_gzt,GLN,201,0.021,0.022,0.025,0.021
target_gzt,SER,202,0.030,0.031,0.030,0.030
target_gzt,GLN,203,0.034,0.031,0.032,0.034
target_gzt,GLU,204,0.041,0.037,0.035,0.041
target_gzt,ASP,205,0.027,0.026,0.029,0.027
target_gzt,LEU,206,0.024,0.023,0.022,0.024
target_gzt,THR,207,0.023,0.024,0.026,0.023
target_gzt,GLY,208,0.026,0.025,0.026,0.026
target_gzt,THR,209,0.026,0.025,0.026,0.026
target_gzt,LYS,210,0.033,0.031,0.030,0.033
target_gzt,ILE,211,0.027,0.028,0.029,0.027
target_gzt,THR,212,0.030,0.028,0.028,0.030
target_gzt,SER,213,0.028,0.028,0.030,0.028
target_gzt,THR,214,0.031,0.031,0.030,0.031
target_gzt,LYS,215,0.028,0.029,0.028,0.028
target_gzt,PRO,216,0.028,0.026,0.026,0.028
target_gzt,LEU,217,0.021,0.021,0.021,0.021
target_gzt,SER,218,0.019,0.020,0.020,0.019
target_gzt,VAL,219,0.018,0.017,0.017,0.018
target_gzt,MET,220,0.021,0.022,0.022,0.021
target_gzt,SER,221,0.020,0.020,0.021,0.020
target_gzt,GLY,222,0.014,0.013,0.014,0.014
target_gzt,ALA,223,0.009,0.009,0.008,0.009
target_gzt,SER,224,0.029,0.024,0.026,0.029
target_gzt,CYS,225,0.053,0.047,0.047,0.053
target_gzt,THR,226,0.046,0.045,0.052,0.046
target_gzt,LEU,227,0.045,0.019,0.039,0.045
target_gzt,VAL,228,0.044,0.035,0.036,0.044
target_gzt,PRO,229,0.207,0.222,0.227,0.207
target_gzt,THR,230,1.256,0.575,1.600,1.256
target_gzt,GLN,231,0.854,0.610,0.535,0.854
target_gzt,VAL,232,0.073,0.025,0.074,0.073
target_gzt,TYR,233,0.118,0.084,0.110,0.118
target_gzt,ARG,234,0.152,0.150,0.141,0.152
target_gzt,CYS,235,0.134,0.136,0.136,0.134
target_gzt,ASP,236,0.098,0.099,0.092,0.098
target_gzt,HIS,237,0.037,0.034,0.038,0.037
target_gzt,LEU,238,0.021,0.018,0.017,0.021
target_gzt,VAL,239,0.015,0.015,0.016,0.015
target_gzt,GLU,240,0.023,0.020,0.022,0.023
target_gzt,HIS,241,0.043,0.030,0.030,0.043
target_gzt,LEU,242,0.024,0.025,0.024,0.024
target_gzt,PRO,243,0.024,0.025,0.024,0.024
target_gzt,PRO,244,0.024,0.023,0.024,0.024
target_gzt,PHE,245,0.026,0.023,0.024,0.026
target_gzt,ASN,246,0.030,0.028,0.029,0.030
target_gzt,THR,247,0.028,0.029,0.027,0.028
target_gzt,TRP,248,0.021,0.022,0.025,0.021
target_gzt,GLY,249,0.019,0.019,0.019,0.019
target_gzt,LYS,250,0.017,0.018,0.017,0.017
target_gzt,ARG,251,0.021,0.019,0.019,0.021
target_gzt,PHE,252,0.017,0.018,0.017,0.017
target_gzt,THR,253,0.021,0.019,0.018,0.021
target_gzt,LEU,254,0.028,0.027,0.030,0.028
target_gzt,LEU,255,0.040,0.041,0.042,0.040
target_gzt,PRO,256,0.101,0.079,0.104,0.101
target_gzt,PHE,257,0.219,0.182,0.161,0.219
target_gzt,SER,258,0.183,0.166,0.169,0.183
target_gzt,ASN,259,0.228,0.193,0.193,0.228
target_gzt,ARG,260,0.921,0.156,0.238,0.921
target_gzt,SER,261,0.115,0.121,0.115,0.115
target_gzt,GLY,262,0.083,0.083,0.083,0.083
target_gzt,GLY,263,0.044,0.070,0.044,0.044
target_gzt,PHE,264,0.131,0.025,0.034,0.131
target_gzt,ILE,265,0.033,0.023,0.020,0.033
target_gzt,PHE,266,0.017,0.014,0.018,0.017
target_gzt,ARG,267,0.026,0.018,0.016,0.026
target_gzt,ILE,268,0.014,0.014,0.015,0.014
target_gzt,ILE,269,0.020,0.020,0.019,0.020
target_gzt,ALA,270,0.020,0.020,0.020,0.020
target_gzt,GLY,271,0.027,0.025,0.027,0.027
target_gzt,ARG,272,0.035,0.028,0.027,0.035
target_gzt,PRO,273,0.027,0.026,0.025,0.027
target_gzt,SER,274,0.031,0.031,0.028,0.031
target_gzt,THR,275,0.015,0.016,0.016,0.015
target_gzt,THR,276,0.019,0.019,0.016,0.019
target_gzt,VAL,277,0.015,0.014,0.016,0.015
target_gzt,HIS,278,0.020,0.020,0.019,0.020
target_gzt,ILE,279,0.031,0.026,0.029,0.031
target_gzt,MET,280,0.047,0.041,0.040,0.047
target_gzt,GLY,281,0.034,0.034,0.034,0.034
target_gzt,ASN,282,0.034,0.031,0.029,0.034
target_gzt,ASN,283,0.030,0.029,0.026,0.030
target_gzt,VAL,284,0.030,0.029,0.030,0.030
target_gzt,GLN,285,0.057,0.026,0.026,0.057
target_gzt,LEU,286,0.018,0.019,0.018,0.018
target_gzt,GLN,287,0.031,0.028,0.028,0.031
target_gzt,PHE,288,0.038,0.030,0.031,0.038
target_gzt,GLU,289,0.030,0.031,0.030,0.030
target_gzt,GLY,290,0.026,0.026,0.026,0.026
target_gzt,SER,291,0.029,0.029,0.028,0.029
target_gzt,PHE,292,0.024,0.024,0.026,0.024
target_gzt,ARG,293,0.022,0.020,0.019,0.022
target_gzt,GLU,294,0.026,0.021,0.022,0.026
target_gzt,PHE,295,0.022,0.025,0.026,0.022
target_gzt,ASN,296,0.060,0.051,0.053,0.060
target_gzt,GLN,297,0.053,0.046,0.052,0.053
target_gzt,PRO,298,0.068,0.076,0.074,0.068
target_gzt,ALA,299,0.114,0.115,0.106,0.114
target_gzt,SER,300,0.060,0.063,0.070,0.060
target_gzt,LEU,301,0.073,0.069,0.067,0.073
target_gzt,LYS,302,0.075,0.065,0.062,0.075
target_gzt,THR,303,0.034,0.033,0.031,0.034
target_gzt,THR,304,0.028,0.026,0.024,0.028
target_gzt,LEU,305,0.015,0.009,0.008,0.015
target_gzt,GLN,306,0.011,0.010,0.011,0.011
target_gzt,SER,307,0.012,0.012,0.011,0.012
target_gzt,ASP,308,0.014,0.010,0.013,0.014
target_gzt,LYS,309,0.017,0.016,0.015,0.017
target_gzt,PRO,310,0.027,0.025,0.025,0.027
target_gzt,ILE,311,0.019,0.020,0.020,0.019
target_gzt,MET,312,0.020,0.020,0.020,0.020
target_gzt,VAL,313,0.017,0.018,0.018,0.017
target_gzt,VAL,314,0.021,0.020,0.019,0.021
target_gzt,GLN,315,0.026,0.012,0.019,0.026
target_gzt,TYR,316,0.026,0.030,0.026,0.026
target_gzt,ALA,317,0.056,0.046,0.056,0.056
target_gzt,LYS,318,0.049,0.046,0.046,0.049
target_gzt,GLY,319,0.051,0.057,0.051,0.051
target_gzt,MET,320,0.143,0.036,0.031,0.143
target_gzt,GLN,321,0.052,0.023,0.031,0.052
target_gzt,LYS,322,0.077,0.063,0.070,0.077
target_gzt,ASP,323,0.936,0.092,0.094,0.936
target_gzt,ASN,324,0.294,0.157,0.170,0.294
target_gzt,ASN,325,0.301,0.239,0.266,0.301
target_gzt,GLY,326,0.099,0.107,0.099,0.099
target_gzt,ASP,327,0.098,0.092,0.083,0.098
target_gzt,PRO,328,0.057,0.059,0.052,0.057
target_gzt,PHE,329,0.068,0.032,0.042,0.068
target_gzt,MET,330,0.036,0.034,0.037,0.036
target_gzt,THR,331,0.028,0.030,0.029,0.028
target_gzt,LEU,332,0.032,0.028,0.026,0.032
target_gzt,ILE,333,0.021,0.020,0.021,0.021
target_gzt,PRO,334,0.026,0.023,0.025,0.026
target_gzt,PRO,335,0.021,0.021,0.022,0.021
target_gzt,VAL,336,0.030,0.029,0.029,0.030
target_gzt,GLU,337,0.030,0.031,0.030,0.030
target_gzt,GLN,338,0.028,0.029,0.029,0.028
target_gzt,TYR,339,0.035,0.030,0.029,0.035
target_gzt,MET,340,0.032,0.031,0.028,0.032
target_gzt,GLU,341,0.036,0.035,0.035,0.036
target_gzt,LYS,342,0.036,0.031,0.030,0.036
target_gzt,GLU,343,0.018,0.019,0.018,0.018
target_gzt,ILE,344,0.021,0.016,0.018,0.021
target_gzt,THR,345,0.025,0.025,0.025,0.025
target_gzt,PHE,346,0.059,0.054,0.057,0.059
target_gzt,GLY,347,0.069,0.068,0.069,0.069
target_gzt,SER,348,0.084,0.081,0.071,0.084
target_gzt,PHE,349,0.046,0.043,0.055,0.046
target_gzt,ASN,350,0.106,0.099,0.091,0.106
target_gzt,GLN,351,0.094,0.079,0.077,0.094
target_gzt,SER,352,0.083,0.082,0.067,0.083
target_gzt,GLY,353,0.112,0.109,0.112,0.112
target_gzt,THR,354,0.140,0.132,0.129,0.140
target_gzt,ASP,355,0.160,0.142,0.118,0.160
target_gzt,MET,356,0.195,0.166,0.165,0.195
target_gzt,LEU,357,0.113,0.109,0.121,0.113
target_gzt,ASN,358,0.147,0.139,0.130,0.147
target_gzt,MET,359,0.103,0.105,0.110,0.103
target_gzt,PHE,360,0.116,0.083,0.085,0.116
target_gzt,ALA,361,0.048,0.049,0.050,0.048
target_gzt,GLY,362,0.040,0.043,0.040,0.040
target_gzt,VAL,363,0.031,0.032,0.034,0.031
target_gzt,SER,364,0.035,0.035,0.034,0.035
target_gzt,PHE,365,0.060,0.059,0.061,0.060
target_gzt,THR,366,0.062,0.063,0.063,0.062
target_gzt,SER,367,0.069,0.070,0.069,0.069
target_gzt,PRO,368,0.086,0.082,0.080,0.086
target_gzt,ALA,369,0.090,0.086,0.090,0.090
target_gzt,LEU,370,0.114,0.100,0.093,0.114
target_gzt,PHE,371,0.114,0.087,0.078,0.114
target_gzt,THR,372,0.045,0.045,0.045,0.045
target_gzt,MET,373,0.043,0.033,0.033,0.043
target_gzt,SER,374,0.029,0.031,0.031,0.029
target_gzt,LEU,375,0.056,0.046,0.047,0.056
target_gzt,ASN,376,0.050,0.047,0.048,0.050
target_gzt,GLY,377,0.039,0.037,0.039,0.039
target_gzt,LYS,378,0.065,0.052,0.050,0.065
target_gzt,PRO,379,0.063,0.059,0.066,0.063
target_gzt,ALA,380,0.077,0.076,0.078,0.077
target_gzt,PHE,381,0.073,0.083,0.083,0.073
target_gzt,GLU,382,0.166,0.139,0.136,0.166
target_gzt,PRO,383,0.154,0.154,0.166,0.154
target_gzt,SER,384,0.217,0.227,0.224,0.217
target_gzt,THR,385,0.280,0.282,0.271,0.280
target_gzt,GLY,386,0.254,0.262,0.254,0.254
target_gzt,ILE,387,0.243,0.218,0.225,0.243
target_gzt,PRO,388,0.239,0.226,0.211,0.239
target_gzt,GLY,389,0.208,0.212,0.208,0.208
target_gzt,THR,390,0.187,0.189,0.171,0.187
target_gzt,GLY,391,0.132,0.139,0.132,0.132
target_gzt,ILE,392,0.153,0.130,0.113,0.153
target_gzt,SER,393,0.076,0.064,0.073,0.076
target_gzt,ARG,394,0.088,0.065,0.061,0.088
target_gzt,THR,395,0.062,0.063,0.065,0.062
target_gzt,PHE,396,0.071,0.070,0.066,0.071
target_gzt,THR,397,0.077,0.073,0.076,0.077
target_gzt,ALA,398,0.075,0.073,0.077,0.075
target_gzt,ASP,399,0.135,0.097,0.097,0.135
target_gzt,ALA,400,0.076,0.078,0.077,0.076
target_gzt,THR,401,0.088,0.086,0.082,0.088
target_gzt,VAL,402,0.083,0.080,0.088,0.083
target_gzt,PRO,403,0.088,0.095,0.096,0.088
target_gzt,LEU,404,0.141,0.136,0.137,0.141
target_gzt,ASP,405,0.131,0.132,0.132,0.131
target_gzt,ASP,406,0.104,0.109,0.110,0.104
target_gzt,VAL,407,0.115,0.112,0.104,0.115
target_gzt,ARG,408,0.063,0.061,0.066,0.063
target_gzt,ASN,409,0.054,0.049,0.046,0.054
target_gzt,ILE,410,0.034,0.034,0.037,0.034
target_gzt,LEU,411,0.029,0.027,0.026,0.029
target_gzt,THR,412,0.026,0.026,0.028,0.026
target_gzt,ASN,413,0.029,0.030,0.028,0.029
target_gzt,TYR,414,0.026,0.026,0.028,0.026
target_gzt,GLU,415,0.049,0.043,0.040,0.049
target_gzt,LYS,416,2.257,0.051,0.051,2.257
target_gzt,ASP,417,0.059,0.055,0.054,0.059
target_gzt,VAL,418,0.050,0.052,0.044,0.050
target_gzt,ARG,419,0.041,0.039,0.040,0.041
target_gzt,PHE,420,0.028,0.030,0.028,0.028
target_gzt,MET,421,0.464,0.028,0.028,0.464
target_gzt,ALA,422,0.031,0.030,0.031,0.031
target_gzt,VAL,423,0.064,0.050,0.056,0.064
target_gzt,ILE,424,0.072,0.071,0.075,0.072
target_gzt,TYR,425,0.081,0.048,0.047,0.081
target_gzt,GLY,426,0.054,0.060,0.054,0.054
target_gzt,PHE,427,0.046,0.055,0.060,0.046
target_gzt,ALA,428,0.096,0.094,0.093,0.096
target_gzt,SER,429,0.120,0.113,0.118,0.120
target_gzt,GLY,430,0.144,0.132,0.144,0.144
target_gzt,THR,431,0.124,0.123,0.108,0.124
target_gzt,SER,432,0.918,0.076,0.081,0.918
target_gzt,PHE,433,0.046,0.048,0.046,0.046
target_gzt,GLY,434,0.039,0.047,0.039,0.039
target_gzt,TYR,435,0.028,0.020,0.024,0.028
target_gzt,PRO,436,0.015,0.017,0.016,0.015
target_gzt,ALA,437,0.026,0.024,0.025,0.026
target_gzt,ALA,438,0.030,0.029,0.030,0.030
target_gzt,TYR,439,0.026,0.030,0.028,0.026
target_gzt,GLN,440,0.032,0.031,0.031,0.032
target_gzt,LEU,441,0.037,0.035,0.035,0.037
target_gzt,ARG,442,0.050,0.029,0.030,0.050
target_gzt,GLN,443,0.031,0.030,0.030,0.031
target_gzt,LEU,444,0.032,0.029,0.033,0.032
target_gzt,THR,445,0.055,0.040,0.040,0.055
target_gzt,CYS,446,0.113,0.052,0.108,0.113
target_gzt,THR,447,0.291,0.260,0.269,0.291
target_gzt,ARG,448,0.422,0.335,0.314,0.422
target_gzt,PRO,449,0.511,0.482,0.444,0.511
target_gzt,GLY,450,0.327,0.363,0.327,0.327
target_gzt,ARG,451,0.190,0.118,0.191,0.190
target_gzt,GLN,452,0.234,0.213,0.202,0.234
target_gzt,GLY,453,0.354,0.368,0.354,0.354
target_gzt,PRO,454,0.497,0.491,0.476,0.497
target_gzt,GLU,455,0.301,0.319,0.328,0.301
target_gzt,ALA,456,0.319,0.312,0.328,0.319
target_gzt,GLU,457,0.605,0.418,0.353,0.605
target_gzt,TYR,458,0.254,0.248,0.262,0.254
target_gzt,ASP,459,0.231,0.229,0.237,0.231
target_gzt,CYS,460,0.235,0.229,0.258,0.235
target_gzt,PRO,461,0.363,0.386,0.373,0.363
target_gzt,GLU,462,0.644,0.517,0.530,0.644
target_gzt,THR,463,0.555,0.546,0.531,0.555
target_gzt,HIS,464,0.443,0.411,0.454,0.443
target_gzt,ARG,465,0.776,0.642,0.683,0.776
target_gzt,ARG,466,1.243,0.966,1.071,1.243
target_gzt,PRO,467,1.460,1.460,1.465,1.460
target_gzt,ARG,468,1.939,1.744,1.816,1.939
target_gzt,PRO,469,2.310,2.273,2.346,2.310
target_gzt,THR,470,2.801,2.750,2.800,2.801
target_gzt,ALA,471,3.413,3.359,3.367,3.413
target_gzt,PRO,472,3.809,3.688,3.853,3.809
target_gzt,VAL,473,4.490,4.412,4.408,4.490
target_gzt,VAL,474,5.277,5.091,5.156,5.277
target_gzt,PRO,475,5.578,5.606,5.786,5.578
target_gzt,VAL,476,6.790,6.725,6.895,6.790
target_gzt,GLY,477,8.323,8.059,8.323,8.323
target_gzt,PRO,478,9.543,9.710,9.844,9.543
target_gzt,GLY,479,11.489,11.373,11.489,11.489
target_gzt,GLY,480,13.621,13.769,13.621,13.621
target_gzt,GLY,481,15.237,15.052,15.237,15.237
target_gzt,GLY,482,16.127,16.400,16.127,16.127
target_gzt,ASP,483,18.245,17.870,18.040,18.245
target_gzt,GLY,484,17.809,18.359,17.809,17.809
target_gzt,ALA,485,19.082,19.252,18.866,19.082
target_gzt,ALA,486,19.008,18.764,18.975,19.008
target_gzt,MET,487,18.602,18.727,18.495,18.602
target_gzt,THR,488,19.535,19.301,19.357,19.535
target_gzt,GLY,489,19.322,19.677,19.322,19.322
target_gzt,CYS,490,18.036,18.193,18.155,18.036
target_gzt,THR,491,18.645,18.522,18.468,18.645
target_gzt,SER,492,17.998,18.001,17.925,17.998
target_gzt,LYS,493,17.294,17.499,17.576,17.294
target_gzt,GLY,494,17.284,17.553,17.284,17.284
target_gzt,VAL,495,17.650,17.531,17.707,17.650
target_gzt,VAL,496,17.104,17.007,17.367,17.104
target_gzt,VAL,497,16.640,16.491,16.553,16.640
target_gzt,LEU,498,16.783,16.600,16.391,16.783
target_gzt,ALA,499,16.153,16.221,16.127,16.153
target_gzt,ALA,500,15.911,15.895,15.892,15.911
target_gzt,ILE,501,15.874,15.748,15.658,15.874
target_gzt,LEU,502,15.580,15.517,15.417,15.580
target_gzt,PRO,503,15.223,15.160,15.133,15.223
target_gzt,ALA,504,15.106,15.105,15.059,15.106
target_gzt,LEU,505,15.267,15.102,14.998,15.267
target_gzt,ILE,506,14.767,14.780,14.714,14.767
target_gzt,VAL,507,14.538,14.529,14.510,14.538
target_gzt,PHE,508,14.716,14.597,14.549,14.716
target_gzt,ILE,509,14.669,14.605,14.539,14.669
target_gzt,ILE,510,14.320,14.332,14.314,14.320
target_gzt,MET,511,14.280,14.238,14.247,14.280
target_gzt,VAL,512,14.522,14.450,14.426,14.522
target_gzt,ILE,513,14.485,14.462,14.426,14.485
target_gzt,ILE,514,14.259,14.281,14.295,14.259
target_gzt,LEU,515,14.331,14.305,14.339,14.331
target_gzt,VAL,516,14.666,14.583,14.568,14.666
target_gzt,PHE,517,14.619,14.576,14.572,14.619
target_gzt,VAL,518,14.472,14.486,14.522,14.472
target_gzt,LEU,519,14.677,14.653,14.691,14.677
target_gzt,TYR,520,15.427,15.123,15.157,15.427
target_gzt,ARG,521,15.042,15.074,15.102,15.042
